Timestamp,Image Path
20241030-153852,images/FW02_20241030-153852/20241030-153852.jpg
20241030-153955,images/FW02_20241030-153852/20241030-153955.jpg
20241030-154057,images/FW02_20241030-153852/20241030-154057.jpg
20241030-154159,images/FW02_20241030-153852/20241030-154159.jpg
20241030-154301,images/FW02_20241030-153852/20241030-154301.jpg
20241030-154404,images/FW02_20241030-153852/20241030-154404.jpg
20241030-154506,images/FW02_20241030-153852/20241030-154506.jpg
20241030-154608,images/FW02_20241030-153852/20241030-154608.jpg
20241030-154710,images/FW02_20241030-153852/20241030-154710.jpg
20241030-154813,images/FW02_20241030-153852/20241030-154813.jpg
20241030-154915,images/FW02_20241030-153852/20241030-154915.jpg
20241030-155017,images/FW02_20241030-153852/20241030-155017.jpg
20241030-155120,images/FW02_20241030-153852/20241030-155120.jpg
20241030-155222,images/FW02_20241030-153852/20241030-155222.jpg
20241030-155324,images/FW02_20241030-153852/20241030-155324.jpg
20241030-155426,images/FW02_20241030-153852/20241030-155426.jpg
20241030-155529,images/FW02_20241030-153852/20241030-155529.jpg
20241030-155631,images/FW02_20241030-153852/20241030-155631.jpg
20241030-155733,images/FW02_20241030-153852/20241030-155733.jpg
20241030-155835,images/FW02_20241030-153852/20241030-155835.jpg
20241030-155938,images/FW02_20241030-153852/20241030-155938.jpg
20241030-160040,images/FW02_20241030-153852/20241030-160040.jpg
20241030-160142,images/FW02_20241030-153852/20241030-160142.jpg
20241030-160244,images/FW02_20241030-153852/20241030-160244.jpg
20241030-160347,images/FW02_20241030-153852/20241030-160347.jpg
20241030-160449,images/FW02_20241030-153852/20241030-160449.jpg
20241030-160551,images/FW02_20241030-153852/20241030-160551.jpg
20241030-160653,images/FW02_20241030-153852/20241030-160653.jpg
20241030-160756,images/FW02_20241030-153852/20241030-160756.jpg
20241030-160858,images/FW02_20241030-153852/20241030-160858.jpg
20241030-161000,images/FW02_20241030-153852/20241030-161000.jpg
20241030-161102,images/FW02_20241030-153852/20241030-161102.jpg
20241030-161205,images/FW02_20241030-153852/20241030-161205.jpg
20241030-161307,images/FW02_20241030-153852/20241030-161307.jpg
20241030-161409,images/FW02_20241030-153852/20241030-161409.jpg
20241030-161511,images/FW02_20241030-153852/20241030-161511.jpg
20241030-161614,images/FW02_20241030-153852/20241030-161614.jpg
20241030-161716,images/FW02_20241030-153852/20241030-161716.jpg
20241030-161818,images/FW02_20241030-153852/20241030-161818.jpg
20241030-161921,images/FW02_20241030-153852/20241030-161921.jpg
20241030-162023,images/FW02_20241030-153852/20241030-162023.jpg
20241030-162125,images/FW02_20241030-153852/20241030-162125.jpg
20241030-162227,images/FW02_20241030-153852/20241030-162227.jpg
20241030-162330,images/FW02_20241030-153852/20241030-162330.jpg
20241030-162432,images/FW02_20241030-153852/20241030-162432.jpg
20241030-162534,images/FW02_20241030-153852/20241030-162534.jpg
20241030-162636,images/FW02_20241030-153852/20241030-162636.jpg
20241030-162739,images/FW02_20241030-153852/20241030-162739.jpg
20241030-162841,images/FW02_20241030-153852/20241030-162841.jpg
20241030-162943,images/FW02_20241030-153852/20241030-162943.jpg
20241030-163045,images/FW02_20241030-153852/20241030-163045.jpg
20241030-163148,images/FW02_20241030-153852/20241030-163148.jpg
20241030-163250,images/FW02_20241030-153852/20241030-163250.jpg
20241030-163352,images/FW02_20241030-153852/20241030-163352.jpg
20241030-163455,images/FW02_20241030-153852/20241030-163455.jpg
20241030-163557,images/FW02_20241030-153852/20241030-163557.jpg
20241030-163659,images/FW02_20241030-153852/20241030-163659.jpg
20241030-163801,images/FW02_20241030-153852/20241030-163801.jpg
20241030-163904,images/FW02_20241030-153852/20241030-163904.jpg
20241030-164006,images/FW02_20241030-153852/20241030-164006.jpg
20241030-164109,images/FW02_20241030-153852/20241030-164109.jpg
20241030-164211,images/FW02_20241030-153852/20241030-164211.jpg
20241030-164313,images/FW02_20241030-153852/20241030-164313.jpg
20241030-164416,images/FW02_20241030-153852/20241030-164416.jpg
20241030-164518,images/FW02_20241030-153852/20241030-164518.jpg
20241030-164620,images/FW02_20241030-153852/20241030-164620.jpg
20241030-164722,images/FW02_20241030-153852/20241030-164722.jpg
20241030-164825,images/FW02_20241030-153852/20241030-164825.jpg
20241030-164927,images/FW02_20241030-153852/20241030-164927.jpg
20241030-165029,images/FW02_20241030-153852/20241030-165029.jpg
20241030-165132,images/FW02_20241030-153852/20241030-165132.jpg
20241030-165234,images/FW02_20241030-153852/20241030-165234.jpg
20241030-165337,images/FW02_20241030-153852/20241030-165337.jpg
20241030-165439,images/FW02_20241030-153852/20241030-165439.jpg
20241030-165541,images/FW02_20241030-153852/20241030-165541.jpg
20241030-165643,images/FW02_20241030-153852/20241030-165643.jpg
20241030-165746,images/FW02_20241030-153852/20241030-165746.jpg
20241030-165848,images/FW02_20241030-153852/20241030-165848.jpg
20241030-165950,images/FW02_20241030-153852/20241030-165950.jpg
20241030-170052,images/FW02_20241030-153852/20241030-170052.jpg
20241030-170155,images/FW02_20241030-153852/20241030-170155.jpg
20241030-170257,images/FW02_20241030-153852/20241030-170257.jpg
20241030-170400,images/FW02_20241030-153852/20241030-170400.jpg
20241030-170502,images/FW02_20241030-153852/20241030-170502.jpg
20241030-170604,images/FW02_20241030-153852/20241030-170604.jpg
20241030-170706,images/FW02_20241030-153852/20241030-170706.jpg
20241030-170809,images/FW02_20241030-153852/20241030-170809.jpg
20241030-170911,images/FW02_20241030-153852/20241030-170911.jpg
20241030-171013,images/FW02_20241030-153852/20241030-171013.jpg
20241030-171115,images/FW02_20241030-153852/20241030-171115.jpg
20241030-171218,images/FW02_20241030-153852/20241030-171218.jpg
20241030-171320,images/FW02_20241030-153852/20241030-171320.jpg
20241030-171422,images/FW02_20241030-153852/20241030-171422.jpg
20241030-171524,images/FW02_20241030-153852/20241030-171524.jpg
20241030-171627,images/FW02_20241030-153852/20241030-171627.jpg
20241030-171729,images/FW02_20241030-153852/20241030-171729.jpg
20241030-171831,images/FW02_20241030-153852/20241030-171831.jpg
20241030-171934,images/FW02_20241030-153852/20241030-171934.jpg
20241030-172036,images/FW02_20241030-153852/20241030-172036.jpg
20241030-172138,images/FW02_20241030-153852/20241030-172138.jpg
20241030-172240,images/FW02_20241030-153852/20241030-172240.jpg
20241030-172343,images/FW02_20241030-153852/20241030-172343.jpg
20241030-172445,images/FW02_20241030-153852/20241030-172445.jpg
20241030-172547,images/FW02_20241030-153852/20241030-172547.jpg
20241030-172649,images/FW02_20241030-153852/20241030-172649.jpg
20241030-172752,images/FW02_20241030-153852/20241030-172752.jpg
20241030-172854,images/FW02_20241030-153852/20241030-172854.jpg
20241030-172956,images/FW02_20241030-153852/20241030-172956.jpg
20241030-173058,images/FW02_20241030-153852/20241030-173058.jpg
20241030-173201,images/FW02_20241030-153852/20241030-173201.jpg
20241030-173303,images/FW02_20241030-153852/20241030-173303.jpg
20241030-173405,images/FW02_20241030-153852/20241030-173405.jpg
20241030-173508,images/FW02_20241030-153852/20241030-173508.jpg
20241030-173610,images/FW02_20241030-153852/20241030-173610.jpg
20241030-173712,images/FW02_20241030-153852/20241030-173712.jpg
20241030-173815,images/FW02_20241030-153852/20241030-173815.jpg
20241030-173917,images/FW02_20241030-153852/20241030-173917.jpg
20241030-174019,images/FW02_20241030-153852/20241030-174019.jpg
20241030-174121,images/FW02_20241030-153852/20241030-174121.jpg
20241030-174224,images/FW02_20241030-153852/20241030-174224.jpg
20241030-174326,images/FW02_20241030-153852/20241030-174326.jpg
20241030-174428,images/FW02_20241030-153852/20241030-174428.jpg
20241030-174530,images/FW02_20241030-153852/20241030-174530.jpg
20241030-174633,images/FW02_20241030-153852/20241030-174633.jpg
20241030-174735,images/FW02_20241030-153852/20241030-174735.jpg
20241030-174837,images/FW02_20241030-153852/20241030-174837.jpg
20241030-174940,images/FW02_20241030-153852/20241030-174940.jpg
20241030-175042,images/FW02_20241030-153852/20241030-175042.jpg
20241030-175144,images/FW02_20241030-153852/20241030-175144.jpg
20241030-175246,images/FW02_20241030-153852/20241030-175246.jpg
20241030-175349,images/FW02_20241030-153852/20241030-175349.jpg
20241030-175451,images/FW02_20241030-153852/20241030-175451.jpg
20241030-175553,images/FW02_20241030-153852/20241030-175553.jpg
20241030-175655,images/FW02_20241030-153852/20241030-175655.jpg
20241030-175757,images/FW02_20241030-153852/20241030-175757.jpg
20241030-175900,images/FW02_20241030-153852/20241030-175900.jpg
20241030-180002,images/FW02_20241030-153852/20241030-180002.jpg
20241030-180104,images/FW02_20241030-153852/20241030-180104.jpg
20241030-180207,images/FW02_20241030-153852/20241030-180207.jpg
20241030-180309,images/FW02_20241030-153852/20241030-180309.jpg
20241030-180412,images/FW02_20241030-153852/20241030-180412.jpg
20241030-180514,images/FW02_20241030-153852/20241030-180514.jpg
20241030-180616,images/FW02_20241030-153852/20241030-180616.jpg
20241030-180718,images/FW02_20241030-153852/20241030-180718.jpg
20241030-180821,images/FW02_20241030-153852/20241030-180821.jpg
20241030-180923,images/FW02_20241030-153852/20241030-180923.jpg
20241030-181026,images/FW02_20241030-153852/20241030-181026.jpg
20241030-181128,images/FW02_20241030-153852/20241030-181128.jpg
20241030-181230,images/FW02_20241030-153852/20241030-181230.jpg
20241030-181332,images/FW02_20241030-153852/20241030-181332.jpg
20241030-181435,images/FW02_20241030-153852/20241030-181435.jpg
20241030-181537,images/FW02_20241030-153852/20241030-181537.jpg
20241030-181639,images/FW02_20241030-153852/20241030-181639.jpg
20241030-181742,images/FW02_20241030-153852/20241030-181742.jpg
20241030-181844,images/FW02_20241030-153852/20241030-181844.jpg
20241030-181946,images/FW02_20241030-153852/20241030-181946.jpg
20241030-182048,images/FW02_20241030-153852/20241030-182048.jpg
20241030-182151,images/FW02_20241030-153852/20241030-182151.jpg
20241030-182253,images/FW02_20241030-153852/20241030-182253.jpg
20241030-182355,images/FW02_20241030-153852/20241030-182355.jpg
20241030-182458,images/FW02_20241030-153852/20241030-182458.jpg
20241030-182600,images/FW02_20241030-153852/20241030-182600.jpg
20241030-182702,images/FW02_20241030-153852/20241030-182702.jpg
20241030-182805,images/FW02_20241030-153852/20241030-182805.jpg
20241030-182907,images/FW02_20241030-153852/20241030-182907.jpg
20241030-183009,images/FW02_20241030-153852/20241030-183009.jpg
20241030-183111,images/FW02_20241030-153852/20241030-183111.jpg
20241030-183214,images/FW02_20241030-153852/20241030-183214.jpg
20241030-183316,images/FW02_20241030-153852/20241030-183316.jpg
20241030-183419,images/FW02_20241030-153852/20241030-183419.jpg
20241030-183521,images/FW02_20241030-153852/20241030-183521.jpg
20241030-183623,images/FW02_20241030-153852/20241030-183623.jpg
20241030-183725,images/FW02_20241030-153852/20241030-183725.jpg
20241030-183827,images/FW02_20241030-153852/20241030-183827.jpg
20241030-183930,images/FW02_20241030-153852/20241030-183930.jpg
20241030-184032,images/FW02_20241030-153852/20241030-184032.jpg
20241030-184134,images/FW02_20241030-153852/20241030-184134.jpg
20241030-184236,images/FW02_20241030-153852/20241030-184236.jpg
20241030-184339,images/FW02_20241030-153852/20241030-184339.jpg
20241030-184441,images/FW02_20241030-153852/20241030-184441.jpg
20241030-184543,images/FW02_20241030-153852/20241030-184543.jpg
20241030-184645,images/FW02_20241030-153852/20241030-184645.jpg
20241030-184748,images/FW02_20241030-153852/20241030-184748.jpg
20241030-184850,images/FW02_20241030-153852/20241030-184850.jpg
20241030-184952,images/FW02_20241030-153852/20241030-184952.jpg
20241030-185054,images/FW02_20241030-153852/20241030-185054.jpg
20241030-185157,images/FW02_20241030-153852/20241030-185157.jpg
20241030-185259,images/FW02_20241030-153852/20241030-185259.jpg
20241030-185401,images/FW02_20241030-153852/20241030-185401.jpg
20241030-185503,images/FW02_20241030-153852/20241030-185503.jpg
20241030-185606,images/FW02_20241030-153852/20241030-185606.jpg
20241030-185708,images/FW02_20241030-153852/20241030-185708.jpg
20241030-185810,images/FW02_20241030-153852/20241030-185810.jpg
20241030-185912,images/FW02_20241030-153852/20241030-185912.jpg
20241030-190015,images/FW02_20241030-153852/20241030-190015.jpg
20241030-190117,images/FW02_20241030-153852/20241030-190117.jpg
20241030-190219,images/FW02_20241030-153852/20241030-190219.jpg
20241030-190321,images/FW02_20241030-153852/20241030-190321.jpg
20241030-190424,images/FW02_20241030-153852/20241030-190424.jpg
20241030-190526,images/FW02_20241030-153852/20241030-190526.jpg
20241030-190628,images/FW02_20241030-153852/20241030-190628.jpg
20241030-190730,images/FW02_20241030-153852/20241030-190730.jpg
20241030-190833,images/FW02_20241030-153852/20241030-190833.jpg
20241030-190935,images/FW02_20241030-153852/20241030-190935.jpg
20241030-191037,images/FW02_20241030-153852/20241030-191037.jpg
20241030-191140,images/FW02_20241030-153852/20241030-191140.jpg
20241030-191242,images/FW02_20241030-153852/20241030-191242.jpg
20241030-191345,images/FW02_20241030-153852/20241030-191345.jpg
20241030-191447,images/FW02_20241030-153852/20241030-191447.jpg
20241030-191549,images/FW02_20241030-153852/20241030-191549.jpg
20241030-191651,images/FW02_20241030-153852/20241030-191651.jpg
20241030-191754,images/FW02_20241030-153852/20241030-191754.jpg
20241030-191856,images/FW02_20241030-153852/20241030-191856.jpg
20241030-191958,images/FW02_20241030-153852/20241030-191958.jpg
20241030-192100,images/FW02_20241030-153852/20241030-192100.jpg
20241030-192203,images/FW02_20241030-153852/20241030-192203.jpg
20241030-192305,images/FW02_20241030-153852/20241030-192305.jpg
20241030-192407,images/FW02_20241030-153852/20241030-192407.jpg
20241030-192509,images/FW02_20241030-153852/20241030-192509.jpg
20241030-192612,images/FW02_20241030-153852/20241030-192612.jpg
20241030-192714,images/FW02_20241030-153852/20241030-192714.jpg
20241030-192816,images/FW02_20241030-153852/20241030-192816.jpg
20241030-192919,images/FW02_20241030-153852/20241030-192919.jpg
20241030-193021,images/FW02_20241030-153852/20241030-193021.jpg
20241030-193123,images/FW02_20241030-153852/20241030-193123.jpg
20241030-193226,images/FW02_20241030-153852/20241030-193226.jpg
20241030-193328,images/FW02_20241030-153852/20241030-193328.jpg
20241030-193430,images/FW02_20241030-153852/20241030-193430.jpg
20241030-193533,images/FW02_20241030-153852/20241030-193533.jpg
20241030-193635,images/FW02_20241030-153852/20241030-193635.jpg
20241030-193737,images/FW02_20241030-153852/20241030-193737.jpg
20241030-193839,images/FW02_20241030-153852/20241030-193839.jpg
20241030-193941,images/FW02_20241030-153852/20241030-193941.jpg
20241030-194044,images/FW02_20241030-153852/20241030-194044.jpg
20241030-194146,images/FW02_20241030-153852/20241030-194146.jpg
20241030-194248,images/FW02_20241030-153852/20241030-194248.jpg
20241030-194350,images/FW02_20241030-153852/20241030-194350.jpg
20241030-194453,images/FW02_20241030-153852/20241030-194453.jpg
20241030-194555,images/FW02_20241030-153852/20241030-194555.jpg
20241030-194657,images/FW02_20241030-153852/20241030-194657.jpg
20241030-194759,images/FW02_20241030-153852/20241030-194759.jpg
20241030-194902,images/FW02_20241030-153852/20241030-194902.jpg
20241030-195005,images/FW02_20241030-153852/20241030-195005.jpg
20241030-195108,images/FW02_20241030-153852/20241030-195108.jpg
20241030-195210,images/FW02_20241030-153852/20241030-195210.jpg
20241030-195312,images/FW02_20241030-153852/20241030-195312.jpg
20241030-195415,images/FW02_20241030-153852/20241030-195415.jpg
20241030-195517,images/FW02_20241030-153852/20241030-195517.jpg
20241030-195619,images/FW02_20241030-153852/20241030-195619.jpg
20241030-195721,images/FW02_20241030-153852/20241030-195721.jpg
20241030-195823,images/FW02_20241030-153852/20241030-195823.jpg
20241030-195926,images/FW02_20241030-153852/20241030-195926.jpg
20241030-200028,images/FW02_20241030-153852/20241030-200028.jpg
20241030-200130,images/FW02_20241030-153852/20241030-200130.jpg
20241030-200233,images/FW02_20241030-153852/20241030-200233.jpg
20241030-200335,images/FW02_20241030-153852/20241030-200335.jpg
20241030-200438,images/FW02_20241030-153852/20241030-200438.jpg
20241030-200540,images/FW02_20241030-153852/20241030-200540.jpg
20241030-200642,images/FW02_20241030-153852/20241030-200642.jpg
20241030-200745,images/FW02_20241030-153852/20241030-200745.jpg
20241030-200847,images/FW02_20241030-153852/20241030-200847.jpg
20241030-200949,images/FW02_20241030-153852/20241030-200949.jpg
20241030-201051,images/FW02_20241030-153852/20241030-201051.jpg
20241030-201154,images/FW02_20241030-153852/20241030-201154.jpg
20241030-201256,images/FW02_20241030-153852/20241030-201256.jpg
20241030-201358,images/FW02_20241030-153852/20241030-201358.jpg
20241030-201500,images/FW02_20241030-153852/20241030-201500.jpg
20241030-201603,images/FW02_20241030-153852/20241030-201603.jpg
20241030-201705,images/FW02_20241030-153852/20241030-201705.jpg
20241030-201807,images/FW02_20241030-153852/20241030-201807.jpg
20241030-201910,images/FW02_20241030-153852/20241030-201910.jpg
20241030-202012,images/FW02_20241030-153852/20241030-202012.jpg
20241030-202114,images/FW02_20241030-153852/20241030-202114.jpg
20241030-202216,images/FW02_20241030-153852/20241030-202216.jpg
20241030-202319,images/FW02_20241030-153852/20241030-202319.jpg
20241030-202421,images/FW02_20241030-153852/20241030-202421.jpg
20241030-202523,images/FW02_20241030-153852/20241030-202523.jpg
20241030-202625,images/FW02_20241030-153852/20241030-202625.jpg
20241030-202728,images/FW02_20241030-153852/20241030-202728.jpg
20241030-202830,images/FW02_20241030-153852/20241030-202830.jpg
20241030-202932,images/FW02_20241030-153852/20241030-202932.jpg
20241030-203035,images/FW02_20241030-153852/20241030-203035.jpg
20241030-203137,images/FW02_20241030-153852/20241030-203137.jpg
20241030-203239,images/FW02_20241030-153852/20241030-203239.jpg
20241030-203341,images/FW02_20241030-153852/20241030-203341.jpg
20241030-203444,images/FW02_20241030-153852/20241030-203444.jpg
20241030-203546,images/FW02_20241030-153852/20241030-203546.jpg
20241030-203648,images/FW02_20241030-153852/20241030-203648.jpg
20241030-203751,images/FW02_20241030-153852/20241030-203751.jpg
20241030-203853,images/FW02_20241030-153852/20241030-203853.jpg
20241030-203955,images/FW02_20241030-153852/20241030-203955.jpg
20241030-204058,images/FW02_20241030-153852/20241030-204058.jpg
20241030-204200,images/FW02_20241030-153852/20241030-204200.jpg
20241030-204302,images/FW02_20241030-153852/20241030-204302.jpg
20241030-204404,images/FW02_20241030-153852/20241030-204404.jpg
20241030-204507,images/FW02_20241030-153852/20241030-204507.jpg
20241030-204609,images/FW02_20241030-153852/20241030-204609.jpg
20241030-204711,images/FW02_20241030-153852/20241030-204711.jpg
20241030-204813,images/FW02_20241030-153852/20241030-204813.jpg
20241030-204916,images/FW02_20241030-153852/20241030-204916.jpg
20241030-205018,images/FW02_20241030-153852/20241030-205018.jpg
20241030-205120,images/FW02_20241030-153852/20241030-205120.jpg
20241030-205222,images/FW02_20241030-153852/20241030-205222.jpg
20241030-205325,images/FW02_20241030-153852/20241030-205325.jpg
20241030-205427,images/FW02_20241030-153852/20241030-205427.jpg
20241030-205529,images/FW02_20241030-153852/20241030-205529.jpg
20241030-205631,images/FW02_20241030-153852/20241030-205631.jpg
20241030-205733,images/FW02_20241030-153852/20241030-205733.jpg
20241030-205836,images/FW02_20241030-153852/20241030-205836.jpg
20241030-205938,images/FW02_20241030-153852/20241030-205938.jpg
20241030-210040,images/FW02_20241030-153852/20241030-210040.jpg
20241030-210142,images/FW02_20241030-153852/20241030-210142.jpg
20241030-210245,images/FW02_20241030-153852/20241030-210245.jpg
20241030-210347,images/FW02_20241030-153852/20241030-210347.jpg
20241030-210449,images/FW02_20241030-153852/20241030-210449.jpg
20241030-210551,images/FW02_20241030-153852/20241030-210551.jpg
20241030-210654,images/FW02_20241030-153852/20241030-210654.jpg
20241030-210756,images/FW02_20241030-153852/20241030-210756.jpg
20241030-210859,images/FW02_20241030-153852/20241030-210859.jpg
20241030-211001,images/FW02_20241030-153852/20241030-211001.jpg
20241030-211103,images/FW02_20241030-153852/20241030-211103.jpg
20241030-211205,images/FW02_20241030-153852/20241030-211205.jpg
20241030-211308,images/FW02_20241030-153852/20241030-211308.jpg
20241030-211410,images/FW02_20241030-153852/20241030-211410.jpg
20241030-211512,images/FW02_20241030-153852/20241030-211512.jpg
20241030-211615,images/FW02_20241030-153852/20241030-211615.jpg
20241030-211717,images/FW02_20241030-153852/20241030-211717.jpg
20241030-211819,images/FW02_20241030-153852/20241030-211819.jpg
20241030-211921,images/FW02_20241030-153852/20241030-211921.jpg
20241030-212024,images/FW02_20241030-153852/20241030-212024.jpg
20241030-212126,images/FW02_20241030-153852/20241030-212126.jpg
20241030-212228,images/FW02_20241030-153852/20241030-212228.jpg
20241030-212330,images/FW02_20241030-153852/20241030-212330.jpg
20241030-212433,images/FW02_20241030-153852/20241030-212433.jpg
20241030-212535,images/FW02_20241030-153852/20241030-212535.jpg
20241030-212637,images/FW02_20241030-153852/20241030-212637.jpg
20241030-212740,images/FW02_20241030-153852/20241030-212740.jpg
20241030-212842,images/FW02_20241030-153852/20241030-212842.jpg
20241030-212944,images/FW02_20241030-153852/20241030-212944.jpg
20241030-213047,images/FW02_20241030-153852/20241030-213047.jpg
20241030-213149,images/FW02_20241030-153852/20241030-213149.jpg
20241030-213251,images/FW02_20241030-153852/20241030-213251.jpg
20241030-213353,images/FW02_20241030-153852/20241030-213353.jpg
20241030-213455,images/FW02_20241030-153852/20241030-213455.jpg
20241030-213558,images/FW02_20241030-153852/20241030-213558.jpg
20241030-213700,images/FW02_20241030-153852/20241030-213700.jpg
20241030-213802,images/FW02_20241030-153852/20241030-213802.jpg
20241030-213905,images/FW02_20241030-153852/20241030-213905.jpg
20241030-214007,images/FW02_20241030-153852/20241030-214007.jpg
20241030-214109,images/FW02_20241030-153852/20241030-214109.jpg
20241030-214212,images/FW02_20241030-153852/20241030-214212.jpg
20241030-214314,images/FW02_20241030-153852/20241030-214314.jpg
20241030-214416,images/FW02_20241030-153852/20241030-214416.jpg
20241030-214518,images/FW02_20241030-153852/20241030-214518.jpg
20241030-214621,images/FW02_20241030-153852/20241030-214621.jpg
20241030-214723,images/FW02_20241030-153852/20241030-214723.jpg
20241030-214825,images/FW02_20241030-153852/20241030-214825.jpg
20241030-214927,images/FW02_20241030-153852/20241030-214927.jpg
20241030-215030,images/FW02_20241030-153852/20241030-215030.jpg
20241030-215132,images/FW02_20241030-153852/20241030-215132.jpg
20241030-215234,images/FW02_20241030-153852/20241030-215234.jpg
20241030-215336,images/FW02_20241030-153852/20241030-215336.jpg
20241030-215439,images/FW02_20241030-153852/20241030-215439.jpg
20241030-215541,images/FW02_20241030-153852/20241030-215541.jpg
20241030-215643,images/FW02_20241030-153852/20241030-215643.jpg
20241030-215746,images/FW02_20241030-153852/20241030-215746.jpg
20241030-215848,images/FW02_20241030-153852/20241030-215848.jpg
20241030-215950,images/FW02_20241030-153852/20241030-215950.jpg
20241030-220052,images/FW02_20241030-153852/20241030-220052.jpg
20241030-220155,images/FW02_20241030-153852/20241030-220155.jpg
20241030-220257,images/FW02_20241030-153852/20241030-220257.jpg
20241030-220359,images/FW02_20241030-153852/20241030-220359.jpg
20241030-220501,images/FW02_20241030-153852/20241030-220501.jpg
20241030-220604,images/FW02_20241030-153852/20241030-220604.jpg
20241030-220706,images/FW02_20241030-153852/20241030-220706.jpg
20241030-220809,images/FW02_20241030-153852/20241030-220809.jpg
20241030-220911,images/FW02_20241030-153852/20241030-220911.jpg
20241030-221013,images/FW02_20241030-153852/20241030-221013.jpg
20241030-221115,images/FW02_20241030-153852/20241030-221115.jpg
20241030-221218,images/FW02_20241030-153852/20241030-221218.jpg
20241030-221320,images/FW02_20241030-153852/20241030-221320.jpg
